property_category,service_package,plan_type,area_key,amount,floor_amount,gst_percent,billing_basis,notes,source_sheet,source_row,expected_gst,expected_total
residential,Cockroach Standard,One Time Service,Single Room,700.00,600.00,18.00,,Spray + gel + 1 sticky pad,Residential,4,126.00,826.00
residential,Cockroach Standard,AMC 3 Services,Single Room,1700.00,1500.00,18.00,,Spray + gel + 1 sticky pad,Residential,4,306.00,2006.00
residential,Cockroach Standard,One Time Service,1+1 Chawl,1100.00,950.00,18.00,,Spray + gel + 1 sticky pad,Residential,5,198.00,1298.00
residential,Cockroach Standard,AMC 3 Services,1+1 Chawl,2400.00,2100.00,18.00,,Spray + gel + 1 sticky pad,Residential,5,432.00,2832.00
residential,Cockroach Standard,One Time Service,1 RK,900.00,800.00,18.00,,Spray + gel + 1 sticky pad,Residential,6,162.00,1062.00
residential,Cockroach Standard,AMC 3 Services,1 RK,2000.00,1750.00,18.00,,Spray + gel + 1 sticky pad,Residential,6,360.00,2360.00
residential,Cockroach Standard,One Time Service,1 BHK,1250.00,1100.00,18.00,,Spray + gel + 1 sticky pad,Residential,7,225.00,1475.00
residential,Cockroach Standard,AMC 3 Services,1 BHK,2500.00,2200.00,18.00,,Spray + gel + 1 sticky pad,Residential,7,450.00,2950.00
residential,Cockroach Standard,One Time Service,2 BHK,1600.00,1400.00,18.00,,Spray + gel + 1 sticky pad,Residential,8,288.00,1888.00
residential,Cockroach Standard,AMC 3 Services,2 BHK,3000.00,2650.00,18.00,,Spray + gel + 1 sticky pad,Residential,8,540.00,3540.00
residential,Cockroach Standard,One Time Service,3 BHK,1900.00,1650.00,18.00,,Spray + gel + 1 sticky pad,Residential,9,342.00,2242.00
residential,Cockroach Standard,AMC 3 Services,3 BHK,3500.00,3100.00,18.00,,Spray + gel + 1 sticky pad,Residential,9,630.00,4130.00
residential,Cockroach Standard,One Time Service,4 BHK,2300.00,2000.00,18.00,,Spray + gel + 1 sticky pad,Residential,10,414.00,2714.00
residential,Cockroach Standard,AMC 3 Services,4 BHK,4200.00,3700.00,18.00,,Spray + gel + 1 sticky pad,Residential,10,756.00,4956.00
residential,Cockroach Standard,One Time Service,5 BHK,2700.00,2400.00,18.00,,Spray + gel + 1 sticky pad,Residential,11,486.00,3186.00
residential,Cockroach Standard,AMC 3 Services,5 BHK,4900.00,4300.00,18.00,,Spray + gel + 1 sticky pad,Residential,11,882.00,5782.00
residential,Cockroach Premium,One Time Service,Single Room,950.00,850.00,18.00,,Odourless spray + full gel + monitoring,Residential,12,171.00,1121.00
residential,Cockroach Premium,AMC 3 Services,Single Room,2200.00,1950.00,18.00,,Odourless spray + full gel + monitoring,Residential,12,396.00,2596.00
residential,Cockroach Premium,One Time Service,1+1 Chawl,1500.00,1300.00,18.00,,Odourless spray + full gel + monitoring,Residential,13,270.00,1770.00
residential,Cockroach Premium,AMC 3 Services,1+1 Chawl,3200.00,2800.00,18.00,,Odourless spray + full gel + monitoring,Residential,13,576.00,3776.00
residential,Cockroach Premium,One Time Service,1 RK,1200.00,1050.00,18.00,,Odourless spray + full gel + monitoring,Residential,14,216.00,1416.00
residential,Cockroach Premium,AMC 3 Services,1 RK,2600.00,2300.00,18.00,,Odourless spray + full gel + monitoring,Residential,14,468.00,3068.00
residential,Cockroach Premium,One Time Service,1 BHK,1600.00,1400.00,18.00,,Odourless spray + full gel + monitoring,Residential,15,288.00,1888.00
residential,Cockroach Premium,AMC 3 Services,1 BHK,3300.00,2900.00,18.00,,Odourless spray + full gel + monitoring,Residential,15,594.00,3894.00
residential,Cockroach Premium,One Time Service,2 BHK,2000.00,1750.00,18.00,,Odourless spray + full gel + monitoring,Residential,16,360.00,2360.00
residential,Cockroach Premium,AMC 3 Services,2 BHK,4000.00,3500.00,18.00,,Odourless spray + full gel + monitoring,Residential,16,720.00,4720.00
residential,Cockroach Premium,One Time Service,3 BHK,2450.00,2150.00,18.00,,Odourless spray + full gel + monitoring,Residential,17,441.00,2891.00
residential,Cockroach Premium,AMC 3 Services,3 BHK,4700.00,4150.00,18.00,,Odourless spray + full gel + monitoring,Residential,17,846.00,5546.00
residential,Cockroach Premium,One Time Service,4 BHK,2900.00,2550.00,18.00,,Odourless spray + full gel + monitoring,Residential,18,522.00,3422.00
residential,Cockroach Premium,AMC 3 Services,4 BHK,5500.00,4850.00,18.00,,Odourless spray + full gel + monitoring,Residential,18,990.00,6490.00
residential,Cockroach Premium,One Time Service,5 BHK,3400.00,3000.00,18.00,,Odourless spray + full gel + monitoring,Residential,19,612.00,4012.00
residential,Cockroach Premium,AMC 3 Services,5 BHK,6400.00,5650.00,18.00,,Odourless spray + full gel + monitoring,Residential,19,1152.00,7552.00
residential,Bed Bugs,One Time Service,Single Room,1700.00,1500.00,18.00,,2 services within 30 days,Residential,20,306.00,2006.00
residential,Bed Bugs,One Time Service,1+1 Chawl,2700.00,2400.00,18.00,,2 services within 30 days,Residential,21,486.00,3186.00
residential,Bed Bugs,One Time Service,1 RK,2200.00,1950.00,18.00,,2 services within 30 days,Residential,22,396.00,2596.00
residential,Bed Bugs,One Time Service,1 BHK,2800.00,2450.00,18.00,,2 services within 30 days,Residential,23,504.00,3304.00
residential,Bed Bugs,One Time Service,2 BHK,3400.00,3000.00,18.00,,2 services within 30 days,Residential,24,612.00,4012.00
residential,Bed Bugs,One Time Service,3 BHK,4000.00,3500.00,18.00,,2 services within 30 days,Residential,25,720.00,4720.00
residential,Bed Bugs,One Time Service,4 BHK,4600.00,4050.00,18.00,,2 services within 30 days,Residential,26,828.00,5428.00
residential,Bed Bugs,One Time Service,5 BHK,5200.00,4600.00,18.00,,2 services within 30 days,Residential,27,936.00,6136.00
residential,Termite Spot Treatment,One Time Service,Single Room,2200.00,1950.00,18.00,,Affected furniture/wall area; inspection may revise,Residential,28,396.00,2596.00
residential,Termite Spot Treatment,One Time Service,1+1 Chawl,3300.00,2900.00,18.00,,Affected furniture/wall area; inspection may revise,Residential,29,594.00,3894.00
residential,Termite Spot Treatment,One Time Service,1 RK,2700.00,2400.00,18.00,,Affected furniture/wall area; inspection may revise,Residential,30,486.00,3186.00
residential,Termite Spot Treatment,One Time Service,1 BHK,3300.00,2900.00,18.00,,Affected furniture/wall area; inspection may revise,Residential,31,594.00,3894.00
residential,Termite Spot Treatment,One Time Service,2 BHK,3900.00,3450.00,18.00,,Affected furniture/wall area; inspection may revise,Residential,32,702.00,4602.00
residential,Termite Spot Treatment,One Time Service,3 BHK,4500.00,3950.00,18.00,,Affected furniture/wall area; inspection may revise,Residential,33,810.00,5310.00
residential,Termite Spot Treatment,One Time Service,4 BHK,5200.00,4600.00,18.00,,Affected furniture/wall area; inspection may revise,Residential,34,936.00,6136.00
residential,Termite Spot Treatment,One Time Service,5 BHK,5900.00,5200.00,18.00,,Affected furniture/wall area; inspection may revise,Residential,35,1062.00,6962.00
residential,Regular Rodent,One Time Service,Single Room,800.00,700.00,18.00,,Bait + cage + sticky pad,Residential,36,144.00,944.00
residential,Regular Rodent,AMC 3 Services,Single Room,1800.00,1600.00,18.00,,Bait + cage + sticky pad,Residential,36,324.00,2124.00
residential,Regular Rodent,One Time Service,1+1 Chawl,1200.00,1050.00,18.00,,Bait + cage + sticky pad,Residential,37,216.00,1416.00
residential,Regular Rodent,AMC 3 Services,1+1 Chawl,2500.00,2200.00,18.00,,Bait + cage + sticky pad,Residential,37,450.00,2950.00
residential,Regular Rodent,One Time Service,1 RK,1000.00,900.00,18.00,,Bait + cage + sticky pad,Residential,38,180.00,1180.00
residential,Regular Rodent,AMC 3 Services,1 RK,2100.00,1850.00,18.00,,Bait + cage + sticky pad,Residential,38,378.00,2478.00
residential,Regular Rodent,One Time Service,1 BHK,1300.00,1150.00,18.00,,Bait + cage + sticky pad,Residential,39,234.00,1534.00
residential,Regular Rodent,AMC 3 Services,1 BHK,2600.00,2300.00,18.00,,Bait + cage + sticky pad,Residential,39,468.00,3068.00
residential,Regular Rodent,One Time Service,2 BHK,1650.00,1450.00,18.00,,Bait + cage + sticky pad,Residential,40,297.00,1947.00
residential,Regular Rodent,AMC 3 Services,2 BHK,3300.00,2900.00,18.00,,Bait + cage + sticky pad,Residential,40,594.00,3894.00
residential,Regular Rodent,One Time Service,3 BHK,2000.00,1750.00,18.00,,Bait + cage + sticky pad,Residential,41,360.00,2360.00
residential,Regular Rodent,AMC 3 Services,3 BHK,4000.00,3500.00,18.00,,Bait + cage + sticky pad,Residential,41,720.00,4720.00
residential,Regular Rodent,One Time Service,4 BHK,2350.00,2050.00,18.00,,Bait + cage + sticky pad,Residential,42,423.00,2773.00
residential,Regular Rodent,AMC 3 Services,4 BHK,4700.00,4150.00,18.00,,Bait + cage + sticky pad,Residential,42,846.00,5546.00
residential,Regular Rodent,One Time Service,5 BHK,2800.00,2450.00,18.00,,Bait + cage + sticky pad,Residential,43,504.00,3304.00
residential,Regular Rodent,AMC 3 Services,5 BHK,5500.00,4850.00,18.00,,Bait + cage + sticky pad,Residential,43,990.00,6490.00
residential,Kill-Rodent System,One Time Service,Single Room,1100.00,950.00,18.00,,Pouch + treatment + cage,Residential,44,198.00,1298.00
residential,Kill-Rodent System,AMC 3 Services,Single Room,2500.00,2200.00,18.00,,Pouch + treatment + cage,Residential,44,450.00,2950.00
residential,Kill-Rodent System,One Time Service,1+1 Chawl,1650.00,1450.00,18.00,,Pouch + treatment + cage,Residential,45,297.00,1947.00
residential,Kill-Rodent System,AMC 3 Services,1+1 Chawl,3400.00,3000.00,18.00,,Pouch + treatment + cage,Residential,45,612.00,4012.00
residential,Kill-Rodent System,One Time Service,1 RK,1300.00,1150.00,18.00,,Pouch + treatment + cage,Residential,46,234.00,1534.00
residential,Kill-Rodent System,AMC 3 Services,1 RK,2800.00,2450.00,18.00,,Pouch + treatment + cage,Residential,46,504.00,3304.00
residential,Kill-Rodent System,One Time Service,1 BHK,1650.00,1450.00,18.00,,Pouch + treatment + cage,Residential,47,297.00,1947.00
residential,Kill-Rodent System,AMC 3 Services,1 BHK,3400.00,3000.00,18.00,,Pouch + treatment + cage,Residential,47,612.00,4012.00
residential,Kill-Rodent System,One Time Service,2 BHK,2100.00,1850.00,18.00,,Pouch + treatment + cage,Residential,48,378.00,2478.00
residential,Kill-Rodent System,AMC 3 Services,2 BHK,4200.00,3700.00,18.00,,Pouch + treatment + cage,Residential,48,756.00,4956.00
residential,Kill-Rodent System,One Time Service,3 BHK,2500.00,2200.00,18.00,,Pouch + treatment + cage,Residential,49,450.00,2950.00
residential,Kill-Rodent System,AMC 3 Services,3 BHK,5000.00,4400.00,18.00,,Pouch + treatment + cage,Residential,49,900.00,5900.00
residential,Kill-Rodent System,One Time Service,4 BHK,2950.00,2600.00,18.00,,Pouch + treatment + cage,Residential,50,531.00,3481.00
residential,Kill-Rodent System,AMC 3 Services,4 BHK,5800.00,5100.00,18.00,,Pouch + treatment + cage,Residential,50,1044.00,6844.00
residential,Kill-Rodent System,One Time Service,5 BHK,3450.00,3050.00,18.00,,Pouch + treatment + cage,Residential,51,621.00,4071.00
residential,Kill-Rodent System,AMC 3 Services,5 BHK,6700.00,5900.00,18.00,,Pouch + treatment + cage,Residential,51,1206.00,7906.00
residential,Mosquito Cold Fogging,One Time Service,Single Room,800.00,700.00,18.00,,Cold fogging / residual spray,Residential,52,144.00,944.00
residential,Mosquito Cold Fogging,AMC 3 Services,Single Room,1800.00,1600.00,18.00,,Cold fogging / residual spray,Residential,52,324.00,2124.00
residential,Mosquito Cold Fogging,One Time Service,1+1 Chawl,1200.00,1050.00,18.00,,Cold fogging / residual spray,Residential,53,216.00,1416.00
residential,Mosquito Cold Fogging,AMC 3 Services,1+1 Chawl,2500.00,2200.00,18.00,,Cold fogging / residual spray,Residential,53,450.00,2950.00
residential,Mosquito Cold Fogging,One Time Service,1 RK,1000.00,900.00,18.00,,Cold fogging / residual spray,Residential,54,180.00,1180.00
residential,Mosquito Cold Fogging,AMC 3 Services,1 RK,2100.00,1850.00,18.00,,Cold fogging / residual spray,Residential,54,378.00,2478.00
residential,Mosquito Cold Fogging,One Time Service,1 BHK,1300.00,1150.00,18.00,,Cold fogging / residual spray,Residential,55,234.00,1534.00
residential,Mosquito Cold Fogging,AMC 3 Services,1 BHK,2600.00,2300.00,18.00,,Cold fogging / residual spray,Residential,55,468.00,3068.00
residential,Mosquito Cold Fogging,One Time Service,2 BHK,1650.00,1450.00,18.00,,Cold fogging / residual spray,Residential,56,297.00,1947.00
residential,Mosquito Cold Fogging,AMC 3 Services,2 BHK,3300.00,2900.00,18.00,,Cold fogging / residual spray,Residential,56,594.00,3894.00
residential,Mosquito Cold Fogging,One Time Service,3 BHK,2000.00,1750.00,18.00,,Cold fogging / residual spray,Residential,57,360.00,2360.00
residential,Mosquito Cold Fogging,AMC 3 Services,3 BHK,4000.00,3500.00,18.00,,Cold fogging / residual spray,Residential,57,720.00,4720.00
residential,Mosquito Cold Fogging,One Time Service,4 BHK,2350.00,2050.00,18.00,,Cold fogging / residual spray,Residential,58,423.00,2773.00
residential,Mosquito Cold Fogging,AMC 3 Services,4 BHK,4700.00,4150.00,18.00,,Cold fogging / residual spray,Residential,58,846.00,5546.00
residential,Mosquito Cold Fogging,One Time Service,5 BHK,2800.00,2450.00,18.00,,Cold fogging / residual spray,Residential,59,504.00,3304.00
residential,Mosquito Cold Fogging,AMC 3 Services,5 BHK,5500.00,4850.00,18.00,,Cold fogging / residual spray,Residential,59,990.00,6490.00
residential,Mosquito Thermal Fogging,One Time Service,Single Room,1000.00,900.00,18.00,,Thermal fogging / smoke treatment,Residential,60,180.00,1180.00
residential,Mosquito Thermal Fogging,AMC 3 Services,Single Room,2200.00,1950.00,18.00,,Thermal fogging / smoke treatment,Residential,60,396.00,2596.00
residential,Mosquito Thermal Fogging,One Time Service,1+1 Chawl,1500.00,1300.00,18.00,,Thermal fogging / smoke treatment,Residential,61,270.00,1770.00
residential,Mosquito Thermal Fogging,AMC 3 Services,1+1 Chawl,3200.00,2800.00,18.00,,Thermal fogging / smoke treatment,Residential,61,576.00,3776.00
residential,Mosquito Thermal Fogging,One Time Service,1 RK,1200.00,1050.00,18.00,,Thermal fogging / smoke treatment,Residential,62,216.00,1416.00
residential,Mosquito Thermal Fogging,AMC 3 Services,1 RK,2600.00,2300.00,18.00,,Thermal fogging / smoke treatment,Residential,62,468.00,3068.00
residential,Mosquito Thermal Fogging,One Time Service,1 BHK,1500.00,1300.00,18.00,,Thermal fogging / smoke treatment,Residential,63,270.00,1770.00
residential,Mosquito Thermal Fogging,AMC 3 Services,1 BHK,3200.00,2800.00,18.00,,Thermal fogging / smoke treatment,Residential,63,576.00,3776.00
residential,Mosquito Thermal Fogging,One Time Service,2 BHK,1950.00,1700.00,18.00,,Thermal fogging / smoke treatment,Residential,64,351.00,2301.00
residential,Mosquito Thermal Fogging,AMC 3 Services,2 BHK,4100.00,3600.00,18.00,,Thermal fogging / smoke treatment,Residential,64,738.00,4838.00
residential,Mosquito Thermal Fogging,One Time Service,3 BHK,2350.00,2050.00,18.00,,Thermal fogging / smoke treatment,Residential,65,423.00,2773.00
residential,Mosquito Thermal Fogging,AMC 3 Services,3 BHK,4900.00,4300.00,18.00,,Thermal fogging / smoke treatment,Residential,65,882.00,5782.00
residential,Mosquito Thermal Fogging,One Time Service,4 BHK,2750.00,2400.00,18.00,,Thermal fogging / smoke treatment,Residential,66,495.00,3245.00
residential,Mosquito Thermal Fogging,AMC 3 Services,4 BHK,5700.00,5000.00,18.00,,Thermal fogging / smoke treatment,Residential,66,1026.00,6726.00
residential,Mosquito Thermal Fogging,One Time Service,5 BHK,3200.00,2800.00,18.00,,Thermal fogging / smoke treatment,Residential,67,576.00,3776.00
residential,Mosquito Thermal Fogging,AMC 3 Services,5 BHK,6500.00,5700.00,18.00,,Thermal fogging / smoke treatment,Residential,67,1170.00,7670.00
society,General Pest Control,One Time Service,Small,4000.00,3500.00,18.00,,"1 wing, up to 7 floors. Passages, staircase, lobby, meter/common areas",Society,4,720.00,4720.00
society,General Pest Control,Quarterly - 3 Visits,Small,10800.00,9500.00,18.00,,"1 wing, up to 7 floors. Passages, staircase, lobby, meter/common areas",Society,5,1944.00,12744.00
society,General Pest Control,Bi-monthly - 6 Visits,Small,20400.00,17950.00,18.00,,"1 wing, up to 7 floors. Passages, staircase, lobby, meter/common areas",Society,6,3672.00,24072.00
society,General Pest Control,Monthly - 12 Visits,Small,38400.00,33800.00,18.00,,"1 wing, up to 7 floors. Passages, staircase, lobby, meter/common areas",Society,7,6912.00,45312.00
society,General Pest Control,One Time Service,Medium,7000.00,6150.00,18.00,,"1-2 wings, 8-15 floors. Passages, staircase, lobby, meter/common areas",Society,8,1260.00,8260.00
society,General Pest Control,Quarterly - 3 Visits,Medium,18900.00,16650.00,18.00,,"1-2 wings, 8-15 floors. Passages, staircase, lobby, meter/common areas",Society,9,3402.00,22302.00
society,General Pest Control,Bi-monthly - 6 Visits,Medium,35700.00,31400.00,18.00,,"1-2 wings, 8-15 floors. Passages, staircase, lobby, meter/common areas",Society,10,6426.00,42126.00
society,General Pest Control,Monthly - 12 Visits,Medium,67200.00,59150.00,18.00,,"1-2 wings, 8-15 floors. Passages, staircase, lobby, meter/common areas",Society,11,12096.00,79296.00
society,General Pest Control,One Time Service,Large,11500.00,10100.00,18.00,,"2-4 wings, 16-30 floors. Passages, staircase, lobby, meter/common areas",Society,12,2070.00,13570.00
society,General Pest Control,Quarterly - 3 Visits,Large,31050.00,27300.00,18.00,,"2-4 wings, 16-30 floors. Passages, staircase, lobby, meter/common areas",Society,13,5589.00,36639.00
society,General Pest Control,Bi-monthly - 6 Visits,Large,58650.00,51600.00,18.00,,"2-4 wings, 16-30 floors. Passages, staircase, lobby, meter/common areas",Society,14,10557.00,69207.00
society,General Pest Control,Monthly - 12 Visits,Large,110400.00,97150.00,18.00,,"2-4 wings, 16-30 floors. Passages, staircase, lobby, meter/common areas",Society,15,19872.00,130272.00
society,Rodent Control,One Time Service,Small,3500.00,3100.00,18.00,,"1 wing, up to 7 floors. Common areas, perimeter monitoring and standard traps",Society,16,630.00,4130.00
society,Rodent Control,Quarterly - 3 Visits,Small,9450.00,8300.00,18.00,,"1 wing, up to 7 floors. Common areas, perimeter monitoring and standard traps",Society,17,1701.00,11151.00
society,Rodent Control,Bi-monthly - 6 Visits,Small,17850.00,15700.00,18.00,,"1 wing, up to 7 floors. Common areas, perimeter monitoring and standard traps",Society,18,3213.00,21063.00
society,Rodent Control,Monthly - 12 Visits,Small,33600.00,29550.00,18.00,,"1 wing, up to 7 floors. Common areas, perimeter monitoring and standard traps",Society,19,6048.00,39648.00
society,Rodent Control,One Time Service,Medium,6000.00,5300.00,18.00,,"1-2 wings, 8-15 floors. Common areas, perimeter monitoring and standard traps",Society,20,1080.00,7080.00
society,Rodent Control,Quarterly - 3 Visits,Medium,16200.00,14250.00,18.00,,"1-2 wings, 8-15 floors. Common areas, perimeter monitoring and standard traps",Society,21,2916.00,19116.00
society,Rodent Control,Bi-monthly - 6 Visits,Medium,30600.00,26950.00,18.00,,"1-2 wings, 8-15 floors. Common areas, perimeter monitoring and standard traps",Society,22,5508.00,36108.00
society,Rodent Control,Monthly - 12 Visits,Medium,57600.00,50700.00,18.00,,"1-2 wings, 8-15 floors. Common areas, perimeter monitoring and standard traps",Society,23,10368.00,67968.00
society,Rodent Control,One Time Service,Large,10000.00,8800.00,18.00,,"2-4 wings, 16-30 floors. Common areas, perimeter monitoring and standard traps",Society,24,1800.00,11800.00
society,Rodent Control,Quarterly - 3 Visits,Large,27000.00,23750.00,18.00,,"2-4 wings, 16-30 floors. Common areas, perimeter monitoring and standard traps",Society,25,4860.00,31860.00
society,Rodent Control,Bi-monthly - 6 Visits,Large,51000.00,44900.00,18.00,,"2-4 wings, 16-30 floors. Common areas, perimeter monitoring and standard traps",Society,26,9180.00,60180.00
society,Rodent Control,Monthly - 12 Visits,Large,96000.00,84500.00,18.00,,"2-4 wings, 16-30 floors. Common areas, perimeter monitoring and standard traps",Society,27,17280.00,113280.00
society,Mosquito Cold Fogging,One Time Service,Small,4000.00,3500.00,18.00,,"1 wing, up to 7 floors. Common passages and selected outdoor areas",Society,28,720.00,4720.00
society,Mosquito Cold Fogging,Quarterly - 3 Visits,Small,10800.00,9500.00,18.00,,"1 wing, up to 7 floors. Common passages and selected outdoor areas",Society,29,1944.00,12744.00
society,Mosquito Cold Fogging,Bi-monthly - 6 Visits,Small,20400.00,17950.00,18.00,,"1 wing, up to 7 floors. Common passages and selected outdoor areas",Society,30,3672.00,24072.00
society,Mosquito Cold Fogging,Monthly - 12 Visits,Small,38400.00,33800.00,18.00,,"1 wing, up to 7 floors. Common passages and selected outdoor areas",Society,31,6912.00,45312.00
society,Mosquito Cold Fogging,One Time Service,Medium,7000.00,6150.00,18.00,,"1-2 wings, 8-15 floors. Common passages and selected outdoor areas",Society,32,1260.00,8260.00
society,Mosquito Cold Fogging,Quarterly - 3 Visits,Medium,18900.00,16650.00,18.00,,"1-2 wings, 8-15 floors. Common passages and selected outdoor areas",Society,33,3402.00,22302.00
society,Mosquito Cold Fogging,Bi-monthly - 6 Visits,Medium,35700.00,31400.00,18.00,,"1-2 wings, 8-15 floors. Common passages and selected outdoor areas",Society,34,6426.00,42126.00
society,Mosquito Cold Fogging,Monthly - 12 Visits,Medium,67200.00,59150.00,18.00,,"1-2 wings, 8-15 floors. Common passages and selected outdoor areas",Society,35,12096.00,79296.00
society,Mosquito Cold Fogging,One Time Service,Large,11500.00,10100.00,18.00,,"2-4 wings, 16-30 floors. Common passages and selected outdoor areas",Society,36,2070.00,13570.00
society,Mosquito Cold Fogging,Quarterly - 3 Visits,Large,31050.00,27300.00,18.00,,"2-4 wings, 16-30 floors. Common passages and selected outdoor areas",Society,37,5589.00,36639.00
society,Mosquito Cold Fogging,Bi-monthly - 6 Visits,Large,58650.00,51600.00,18.00,,"2-4 wings, 16-30 floors. Common passages and selected outdoor areas",Society,38,10557.00,69207.00
society,Mosquito Cold Fogging,Monthly - 12 Visits,Large,110400.00,97150.00,18.00,,"2-4 wings, 16-30 floors. Common passages and selected outdoor areas",Society,39,19872.00,130272.00
society,Mosquito Thermal Fogging,One Time Service,Small,5000.00,4400.00,18.00,,"1 wing, up to 7 floors. Common/open areas; local permissions as applicable",Society,40,900.00,5900.00
society,Mosquito Thermal Fogging,Quarterly - 3 Visits,Small,13500.00,11900.00,18.00,,"1 wing, up to 7 floors. Common/open areas; local permissions as applicable",Society,41,2430.00,15930.00
society,Mosquito Thermal Fogging,Bi-monthly - 6 Visits,Small,25500.00,22450.00,18.00,,"1 wing, up to 7 floors. Common/open areas; local permissions as applicable",Society,42,4590.00,30090.00
society,Mosquito Thermal Fogging,Monthly - 12 Visits,Small,48000.00,42250.00,18.00,,"1 wing, up to 7 floors. Common/open areas; local permissions as applicable",Society,43,8640.00,56640.00
society,Mosquito Thermal Fogging,One Time Service,Medium,8500.00,7500.00,18.00,,"1-2 wings, 8-15 floors. Common/open areas; local permissions as applicable",Society,44,1530.00,10030.00
society,Mosquito Thermal Fogging,Quarterly - 3 Visits,Medium,22950.00,20200.00,18.00,,"1-2 wings, 8-15 floors. Common/open areas; local permissions as applicable",Society,45,4131.00,27081.00
society,Mosquito Thermal Fogging,Bi-monthly - 6 Visits,Medium,43350.00,38150.00,18.00,,"1-2 wings, 8-15 floors. Common/open areas; local permissions as applicable",Society,46,7803.00,51153.00
society,Mosquito Thermal Fogging,Monthly - 12 Visits,Medium,81600.00,71800.00,18.00,,"1-2 wings, 8-15 floors. Common/open areas; local permissions as applicable",Society,47,14688.00,96288.00
society,Mosquito Thermal Fogging,One Time Service,Large,14000.00,12300.00,18.00,,"2-4 wings, 16-30 floors. Common/open areas; local permissions as applicable",Society,48,2520.00,16520.00
society,Mosquito Thermal Fogging,Quarterly - 3 Visits,Large,37800.00,33250.00,18.00,,"2-4 wings, 16-30 floors. Common/open areas; local permissions as applicable",Society,49,6804.00,44604.00
society,Mosquito Thermal Fogging,Bi-monthly - 6 Visits,Large,71400.00,62850.00,18.00,,"2-4 wings, 16-30 floors. Common/open areas; local permissions as applicable",Society,50,12852.00,84252.00
society,Mosquito Thermal Fogging,Monthly - 12 Visits,Large,134400.00,118250.00,18.00,,"2-4 wings, 16-30 floors. Common/open areas; local permissions as applicable",Society,51,24192.00,158592.00
society,Essential IPM,One Time Service,Small,6500.00,5700.00,18.00,,"1 wing, up to 7 floors. General pest + rodent monitoring",Society,52,1170.00,7670.00
society,Essential IPM,Quarterly - 3 Visits,Small,17500.00,15400.00,18.00,,"1 wing, up to 7 floors. General pest + rodent monitoring",Society,53,3150.00,20650.00
society,Essential IPM,Bi-monthly - 6 Visits,Small,31500.00,27700.00,18.00,,"1 wing, up to 7 floors. General pest + rodent monitoring",Society,54,5670.00,37170.00
society,Essential IPM,Monthly - 12 Visits,Small,58000.00,51050.00,18.00,,"1 wing, up to 7 floors. General pest + rodent monitoring",Society,55,10440.00,68440.00
society,Essential IPM,One Time Service,Medium,10000.00,8800.00,18.00,,"1-2 wings, 8-15 floors. General pest + rodent monitoring",Society,56,1800.00,11800.00
society,Essential IPM,Quarterly - 3 Visits,Medium,28000.00,24650.00,18.00,,"1-2 wings, 8-15 floors. General pest + rodent monitoring",Society,57,5040.00,33040.00
society,Essential IPM,Bi-monthly - 6 Visits,Medium,50000.00,44000.00,18.00,,"1-2 wings, 8-15 floors. General pest + rodent monitoring",Society,58,9000.00,59000.00
society,Essential IPM,Monthly - 12 Visits,Medium,90000.00,79200.00,18.00,,"1-2 wings, 8-15 floors. General pest + rodent monitoring",Society,59,16200.00,106200.00
society,Essential IPM,One Time Service,Large,16000.00,14100.00,18.00,,"2-4 wings, 16-30 floors. General pest + rodent monitoring",Society,60,2880.00,18880.00
society,Essential IPM,Quarterly - 3 Visits,Large,44000.00,38700.00,18.00,,"2-4 wings, 16-30 floors. General pest + rodent monitoring",Society,61,7920.00,51920.00
society,Essential IPM,Bi-monthly - 6 Visits,Large,80000.00,70400.00,18.00,,"2-4 wings, 16-30 floors. General pest + rodent monitoring",Society,62,14400.00,94400.00
society,Essential IPM,Monthly - 12 Visits,Large,145000.00,127600.00,18.00,,"2-4 wings, 16-30 floors. General pest + rodent monitoring",Society,63,26100.00,171100.00
society,Complete IPM,One Time Service,Small,8500.00,7500.00,18.00,,"1 wing, up to 7 floors. General pest + rodent + mosquito cold fogging",Society,64,1530.00,10030.00
society,Complete IPM,Quarterly - 3 Visits,Small,23000.00,20250.00,18.00,,"1 wing, up to 7 floors. General pest + rodent + mosquito cold fogging",Society,65,4140.00,27140.00
society,Complete IPM,Bi-monthly - 6 Visits,Small,42000.00,36950.00,18.00,,"1 wing, up to 7 floors. General pest + rodent + mosquito cold fogging",Society,66,7560.00,49560.00
society,Complete IPM,Monthly - 12 Visits,Small,78000.00,68650.00,18.00,,"1 wing, up to 7 floors. General pest + rodent + mosquito cold fogging",Society,67,14040.00,92040.00
society,Complete IPM,One Time Service,Medium,14000.00,12300.00,18.00,,"1-2 wings, 8-15 floors. General pest + rodent + mosquito cold fogging",Society,68,2520.00,16520.00
society,Complete IPM,Quarterly - 3 Visits,Medium,38000.00,33450.00,18.00,,"1-2 wings, 8-15 floors. General pest + rodent + mosquito cold fogging",Society,69,6840.00,44840.00
society,Complete IPM,Bi-monthly - 6 Visits,Medium,70000.00,61600.00,18.00,,"1-2 wings, 8-15 floors. General pest + rodent + mosquito cold fogging",Society,70,12600.00,82600.00
society,Complete IPM,Monthly - 12 Visits,Medium,130000.00,114400.00,18.00,,"1-2 wings, 8-15 floors. General pest + rodent + mosquito cold fogging",Society,71,23400.00,153400.00
society,Complete IPM,One Time Service,Large,22000.00,19350.00,18.00,,"2-4 wings, 16-30 floors. General pest + rodent + mosquito cold fogging",Society,72,3960.00,25960.00
society,Complete IPM,Quarterly - 3 Visits,Large,60000.00,52800.00,18.00,,"2-4 wings, 16-30 floors. General pest + rodent + mosquito cold fogging",Society,73,10800.00,70800.00
society,Complete IPM,Bi-monthly - 6 Visits,Large,110000.00,96800.00,18.00,,"2-4 wings, 16-30 floors. General pest + rodent + mosquito cold fogging",Society,74,19800.00,129800.00
society,Complete IPM,Monthly - 12 Visits,Large,205000.00,180400.00,18.00,,"2-4 wings, 16-30 floors. General pest + rodent + mosquito cold fogging",Society,75,36900.00,241900.00
hospital,Integrated IPM,One Time Service,"Clinic / Diagnostic Centre - Up to 2,500 sq.ft.",3000.00,2650.00,18.00,Per service,Cockroach/crawling insects + rodent monitoring + mosquito treatment,Hospital & Clinic,4,540.00,3540.00
hospital,Integrated IPM,Monthly AMC - 1 Visit/Month,"Clinic / Diagnostic Centre - Up to 2,500 sq.ft.",2800.00,2450.00,18.00,Per month,Cockroach/crawling insects + rodent monitoring + mosquito treatment,Hospital & Clinic,5,504.00,3304.00
hospital,Integrated IPM,Fortnightly AMC - 2 Visits/Month,"Clinic / Diagnostic Centre - Up to 2,500 sq.ft.",5000.00,4400.00,18.00,Per month,Cockroach/crawling insects + rodent monitoring + mosquito treatment,Hospital & Clinic,6,900.00,5900.00
hospital,Integrated IPM,Weekly AMC - 4 Visits/Month,"Clinic / Diagnostic Centre - Up to 2,500 sq.ft.",8500.00,7500.00,18.00,Per month,Cockroach/crawling insects + rodent monitoring + mosquito treatment,Hospital & Clinic,7,1530.00,10030.00
hospital,Integrated IPM,One Time Service,"Small Hospital - Up to 25 beds / 10,000 sq.ft.",7000.00,6150.00,18.00,Per service,Cockroach/crawling insects + rodent monitoring + mosquito treatment,Hospital & Clinic,8,1260.00,8260.00
hospital,Integrated IPM,Monthly AMC - 1 Visit/Month,"Small Hospital - Up to 25 beds / 10,000 sq.ft.",6500.00,5700.00,18.00,Per month,Cockroach/crawling insects + rodent monitoring + mosquito treatment,Hospital & Clinic,9,1170.00,7670.00
hospital,Integrated IPM,Fortnightly AMC - 2 Visits/Month,"Small Hospital - Up to 25 beds / 10,000 sq.ft.",11000.00,9700.00,18.00,Per month,Cockroach/crawling insects + rodent monitoring + mosquito treatment,Hospital & Clinic,10,1980.00,12980.00
hospital,Integrated IPM,Weekly AMC - 4 Visits/Month,"Small Hospital - Up to 25 beds / 10,000 sq.ft.",19000.00,16700.00,18.00,Per month,Cockroach/crawling insects + rodent monitoring + mosquito treatment,Hospital & Clinic,11,3420.00,22420.00
hospital,Integrated IPM,One Time Service,"Medium Hospital - 26-75 beds / 10,001-30,000 sq.ft.",13000.00,11450.00,18.00,Per service,Cockroach/crawling insects + rodent monitoring + mosquito treatment,Hospital & Clinic,12,2340.00,15340.00
hospital,Integrated IPM,Monthly AMC - 1 Visit/Month,"Medium Hospital - 26-75 beds / 10,001-30,000 sq.ft.",12000.00,10550.00,18.00,Per month,Cockroach/crawling insects + rodent monitoring + mosquito treatment,Hospital & Clinic,13,2160.00,14160.00
hospital,Integrated IPM,Fortnightly AMC - 2 Visits/Month,"Medium Hospital - 26-75 beds / 10,001-30,000 sq.ft.",21000.00,18500.00,18.00,Per month,Cockroach/crawling insects + rodent monitoring + mosquito treatment,Hospital & Clinic,14,3780.00,24780.00
hospital,Integrated IPM,Weekly AMC - 4 Visits/Month,"Medium Hospital - 26-75 beds / 10,001-30,000 sq.ft.",36000.00,31700.00,18.00,Per month,Cockroach/crawling insects + rodent monitoring + mosquito treatment,Hospital & Clinic,15,6480.00,42480.00
hospital,Integrated IPM,One Time Service,"Large Hospital - 76-150 beds / 30,001-75,000 sq.ft.",24000.00,21100.00,18.00,Per service,Cockroach/crawling insects + rodent monitoring + mosquito treatment,Hospital & Clinic,16,4320.00,28320.00
hospital,Integrated IPM,Monthly AMC - 1 Visit/Month,"Large Hospital - 76-150 beds / 30,001-75,000 sq.ft.",22000.00,19350.00,18.00,Per month,Cockroach/crawling insects + rodent monitoring + mosquito treatment,Hospital & Clinic,17,3960.00,25960.00
hospital,Integrated IPM,Fortnightly AMC - 2 Visits/Month,"Large Hospital - 76-150 beds / 30,001-75,000 sq.ft.",38000.00,33450.00,18.00,Per month,Cockroach/crawling insects + rodent monitoring + mosquito treatment,Hospital & Clinic,18,6840.00,44840.00
hospital,Integrated IPM,Weekly AMC - 4 Visits/Month,"Large Hospital - 76-150 beds / 30,001-75,000 sq.ft.",65000.00,57200.00,18.00,Per month,Cockroach/crawling insects + rodent monitoring + mosquito treatment,Hospital & Clinic,19,11700.00,76700.00
hospital,General Pest Control,One Time Service,Hospital Room / Ward - Minimum 10 rooms,350.00,300.00,18.00,Per room,Spray + gel treatment,Hospital & Clinic,20,63.00,413.00
hospital,Bed Bugs,One Time Service,Hospital Room / Ward - Minimum 3 affected rooms,2200.00,1950.00,18.00,Per affected room,2 treatments within 30 days,Hospital & Clinic,21,396.00,2596.00
hospital,Termite Spot Treatment,One Time Service,"Hospital Room / Ward - Minimum basic billing ₹6,000",2000.00,1750.00,18.00,Per affected room,Affected room/furniture/wall,Hospital & Clinic,22,360.00,2360.00
hospital,Mosquito Thermal Fogging,One Time Service,Hospital Campus - Basement / drainage / garden,5000.00,4400.00,18.00,Starting rate,Outdoor/common area fogging,Hospital & Clinic,23,900.00,5900.00
hotel,Cockroach Standard,One Time Service,Hotel - 1-10 rooms,2500.00,2200.00,18.00,,Guest rooms + normal common areas,Hotel & Restaurant,4,450.00,2950.00
hotel,Cockroach Premium,One Time Service,Hotel - 1-10 rooms,3500.00,3100.00,18.00,,Odourless/gel-led treatment,Hotel & Restaurant,5,630.00,4130.00
hotel,Cockroach Standard,One Time Service,Hotel - 11-20 rooms,4200.00,3700.00,18.00,,Guest rooms + normal common areas,Hotel & Restaurant,6,756.00,4956.00
hotel,Cockroach Premium,One Time Service,Hotel - 11-20 rooms,5800.00,5100.00,18.00,,Odourless/gel-led treatment,Hotel & Restaurant,7,1044.00,6844.00
hotel,Cockroach Standard,One Time Service,Hotel - 21-30 rooms,6000.00,5300.00,18.00,,Guest rooms + normal common areas,Hotel & Restaurant,8,1080.00,7080.00
hotel,Cockroach Premium,One Time Service,Hotel - 21-30 rooms,8200.00,7200.00,18.00,,Odourless/gel-led treatment,Hotel & Restaurant,9,1476.00,9676.00
hotel,Cockroach Standard,One Time Service,Hotel - 31-50 rooms,8500.00,7500.00,18.00,,Guest rooms + normal common areas,Hotel & Restaurant,10,1530.00,10030.00
hotel,Cockroach Premium,One Time Service,Hotel - 31-50 rooms,11800.00,10400.00,18.00,,Odourless/gel-led treatment,Hotel & Restaurant,11,2124.00,13924.00
hotel,Integrated IPM,One Time Service,Restaurant / Cloud Kitchen - Small - up to 500 sq.ft.,1800.00,1600.00,18.00,,Cockroach + crawling pests + rodent monitoring,Hotel & Restaurant,12,324.00,2124.00
hotel,Integrated IPM,4 Visits/Month,Restaurant / Cloud Kitchen - Small - up to 500 sq.ft.,3500.00,3100.00,18.00,,Food-premises reporting included,Hotel & Restaurant,13,630.00,4130.00
hotel,Integrated IPM,8 Visits/Month,Restaurant / Cloud Kitchen - Small - up to 500 sq.ft.,6000.00,5300.00,18.00,,High-risk/complaint-prone operation,Hotel & Restaurant,14,1080.00,7080.00
hotel,Integrated IPM,One Time Service,"Restaurant / Cloud Kitchen - Medium - 501-1,500 sq.ft.",2800.00,2450.00,18.00,,Cockroach + crawling pests + rodent monitoring,Hotel & Restaurant,15,504.00,3304.00
hotel,Integrated IPM,4 Visits/Month,"Restaurant / Cloud Kitchen - Medium - 501-1,500 sq.ft.",5500.00,4850.00,18.00,,Food-premises reporting included,Hotel & Restaurant,16,990.00,6490.00
hotel,Integrated IPM,8 Visits/Month,"Restaurant / Cloud Kitchen - Medium - 501-1,500 sq.ft.",9500.00,8350.00,18.00,,High-risk/complaint-prone operation,Hotel & Restaurant,17,1710.00,11210.00
hotel,Integrated IPM,One Time Service,"Restaurant / Cloud Kitchen - Large - 1,501-3,000 sq.ft.",4500.00,3950.00,18.00,,Cockroach + crawling pests + rodent monitoring,Hotel & Restaurant,18,810.00,5310.00
hotel,Integrated IPM,4 Visits/Month,"Restaurant / Cloud Kitchen - Large - 1,501-3,000 sq.ft.",8500.00,7500.00,18.00,,Food-premises reporting included,Hotel & Restaurant,19,1530.00,10030.00
hotel,Integrated IPM,8 Visits/Month,"Restaurant / Cloud Kitchen - Large - 1,501-3,000 sq.ft.",14500.00,12750.00,18.00,,High-risk/complaint-prone operation,Hotel & Restaurant,20,2610.00,17110.00
hotel,Bed Bugs,One Time Service,Hotel - Minimum 3 affected rooms,2000.00,1750.00,18.00,,"Per affected room; minimum ₹6,000 basic",Hotel & Restaurant,21,360.00,2360.00
corporate,Integrated IPM,One Time Service,Corporate Office / Bank - Small,1800.00,1600.00,18.00,,"Up to 1,000 sq.ft.. Cockroach/crawling insects + rodent inspection",Corporate One-Time,4,324.00,2124.00
corporate,Integrated IPM,One Time Service,Corporate Office / Bank - Medium,3500.00,3100.00,18.00,,"1,001-3,000 sq.ft.. Cockroach/crawling insects + rodent inspection",Corporate One-Time,5,630.00,4130.00
corporate,Integrated IPM,One Time Service,Corporate Office / Bank - Large,6000.00,5300.00,18.00,,"3,001-7,000 sq.ft.. Cockroach/crawling insects + rodent inspection",Corporate One-Time,6,1080.00,7080.00
corporate,Integrated IPM,One Time Service,Retail Outlet - Small,2200.00,1950.00,18.00,,"Up to 1,000 sq.ft.. General pest + rodent monitoring",Corporate One-Time,7,396.00,2596.00
corporate,Integrated IPM,One Time Service,Retail Outlet - Medium,4000.00,3500.00,18.00,,"1,001-3,000 sq.ft.. General pest + rodent monitoring",Corporate One-Time,8,720.00,4720.00
corporate,Integrated IPM,One Time Service,Retail Outlet - Large,7000.00,6150.00,18.00,,"3,001-7,000 sq.ft.. General pest + rodent monitoring",Corporate One-Time,9,1260.00,8260.00
corporate,Integrated IPM,One Time Service,Food Outlet / Dark Store - Small,2800.00,2450.00,18.00,,"Up to 1,000 sq.ft.. Integrated pest management for higher-risk site",Corporate One-Time,10,504.00,3304.00
corporate,Integrated IPM,One Time Service,Food Outlet / Dark Store - Medium,4800.00,4200.00,18.00,,"1,001-3,000 sq.ft.. Integrated pest management for higher-risk site",Corporate One-Time,11,864.00,5664.00
corporate,Integrated IPM,One Time Service,Food Outlet / Dark Store - Large,8000.00,7050.00,18.00,,"3,001-7,000 sq.ft.. Integrated pest management for higher-risk site",Corporate One-Time,12,1440.00,9440.00
corporate,Integrated IPM,One Time Service,Warehouse / Fulfilment Centre - Small,4500.00,3950.00,18.00,,"Up to 5,000 sq.ft.. General pest + rodent monitoring; equipment extra",Corporate One-Time,13,810.00,5310.00
corporate,Integrated IPM,One Time Service,Warehouse / Fulfilment Centre - Medium,8000.00,7050.00,18.00,,"5,001-15,000 sq.ft.. General pest + rodent monitoring; equipment extra",Corporate One-Time,14,1440.00,9440.00
corporate,Integrated IPM,One Time Service,Warehouse / Fulfilment Centre - Large,13500.00,11900.00,18.00,,"15,001-30,000 sq.ft.. General pest + rodent monitoring; equipment extra",Corporate One-Time,15,2430.00,15930.00
corporate,Integrated IPM,One Time Service,School / College - Small,4000.00,3500.00,18.00,,"Up to 5,000 sq.ft.. Classrooms + normal common areas",Corporate One-Time,16,720.00,4720.00
corporate,Integrated IPM,One Time Service,School / College - Medium,7000.00,6150.00,18.00,,"5,001-15,000 sq.ft.. Classrooms + normal common areas",Corporate One-Time,17,1260.00,8260.00
corporate,Integrated IPM,One Time Service,School / College - Large,12000.00,10550.00,18.00,,"15,001-30,000 sq.ft.. Classrooms + normal common areas",Corporate One-Time,18,2160.00,14160.00
corporate,Integrated IPM,One Time Service,Factory / Industrial Unit - Small,5000.00,4400.00,18.00,,"Up to 5,000 sq.ft.. Inspection-based general pest and rodent scope",Corporate One-Time,19,900.00,5900.00
corporate,Integrated IPM,One Time Service,Factory / Industrial Unit - Medium,9000.00,7900.00,18.00,,"5,001-15,000 sq.ft.. Inspection-based general pest and rodent scope",Corporate One-Time,20,1620.00,10620.00
corporate,Integrated IPM,One Time Service,Factory / Industrial Unit - Large,15000.00,13200.00,18.00,,"15,001-30,000 sq.ft.. Inspection-based general pest and rodent scope",Corporate One-Time,21,2700.00,17700.00
corporate_monthly,Integrated IPM,4 Visits/Month,Corporate Office / Bank - Small,2500.00,2200.00,18.00,Per month,"Up to 1,000 sq.ft.. Normal risk. Standard report + sighting log; traps within normal consumption",Corporate Monthly,4,450.00,2950.00
corporate_monthly,Integrated IPM,8 Visits/Month,Corporate Office / Bank - Small,4200.00,3700.00,18.00,Per month,"Up to 1,000 sq.ft.. Normal risk. Standard report + sighting log; traps within normal consumption",Corporate Monthly,5,756.00,4956.00
corporate_monthly,Integrated IPM,12 Visits/Month,Corporate Office / Bank - Small,6000.00,5300.00,18.00,Per month,"Up to 1,000 sq.ft.. Normal risk. Standard report + sighting log; traps within normal consumption",Corporate Monthly,6,1080.00,7080.00
corporate_monthly,Integrated IPM,4 Visits/Month,Corporate Office / Bank - Medium,4500.00,3950.00,18.00,Per month,"1,001-3,000 sq.ft.. Normal risk. Standard report + sighting log; traps within normal consumption",Corporate Monthly,7,810.00,5310.00
corporate_monthly,Integrated IPM,8 Visits/Month,Corporate Office / Bank - Medium,7500.00,6600.00,18.00,Per month,"1,001-3,000 sq.ft.. Normal risk. Standard report + sighting log; traps within normal consumption",Corporate Monthly,8,1350.00,8850.00
corporate_monthly,Integrated IPM,12 Visits/Month,Corporate Office / Bank - Medium,10500.00,9250.00,18.00,Per month,"1,001-3,000 sq.ft.. Normal risk. Standard report + sighting log; traps within normal consumption",Corporate Monthly,9,1890.00,12390.00
corporate_monthly,Integrated IPM,4 Visits/Month,Corporate Office / Bank - Large,7500.00,6600.00,18.00,Per month,"3,001-7,000 sq.ft.. Normal risk. Standard report + sighting log; traps within normal consumption",Corporate Monthly,10,1350.00,8850.00
corporate_monthly,Integrated IPM,8 Visits/Month,Corporate Office / Bank - Large,12500.00,11000.00,18.00,Per month,"3,001-7,000 sq.ft.. Normal risk. Standard report + sighting log; traps within normal consumption",Corporate Monthly,11,2250.00,14750.00
corporate_monthly,Integrated IPM,12 Visits/Month,Corporate Office / Bank - Large,18000.00,15850.00,18.00,Per month,"3,001-7,000 sq.ft.. Normal risk. Standard report + sighting log; traps within normal consumption",Corporate Monthly,12,3240.00,21240.00
corporate_monthly,Integrated IPM,4 Visits/Month,Retail Outlet - Small,2800.00,2450.00,18.00,Per month,"Up to 1,000 sq.ft.. Normal risk. Standard report + sighting log; traps within normal consumption",Corporate Monthly,13,504.00,3304.00
corporate_monthly,Integrated IPM,8 Visits/Month,Retail Outlet - Small,4800.00,4200.00,18.00,Per month,"Up to 1,000 sq.ft.. Normal risk. Standard report + sighting log; traps within normal consumption",Corporate Monthly,14,864.00,5664.00
corporate_monthly,Integrated IPM,12 Visits/Month,Retail Outlet - Small,6800.00,6000.00,18.00,Per month,"Up to 1,000 sq.ft.. Normal risk. Standard report + sighting log; traps within normal consumption",Corporate Monthly,15,1224.00,8024.00
corporate_monthly,Integrated IPM,4 Visits/Month,Retail Outlet - Medium,5000.00,4400.00,18.00,Per month,"1,001-3,000 sq.ft.. Normal risk. Standard report + sighting log; traps within normal consumption",Corporate Monthly,16,900.00,5900.00
corporate_monthly,Integrated IPM,8 Visits/Month,Retail Outlet - Medium,8500.00,7500.00,18.00,Per month,"1,001-3,000 sq.ft.. Normal risk. Standard report + sighting log; traps within normal consumption",Corporate Monthly,17,1530.00,10030.00
corporate_monthly,Integrated IPM,12 Visits/Month,Retail Outlet - Medium,12000.00,10550.00,18.00,Per month,"1,001-3,000 sq.ft.. Normal risk. Standard report + sighting log; traps within normal consumption",Corporate Monthly,18,2160.00,14160.00
corporate_monthly,Integrated IPM,4 Visits/Month,Retail Outlet - Large,8500.00,7500.00,18.00,Per month,"3,001-7,000 sq.ft.. Normal risk. Standard report + sighting log; traps within normal consumption",Corporate Monthly,19,1530.00,10030.00
corporate_monthly,Integrated IPM,8 Visits/Month,Retail Outlet - Large,14500.00,12750.00,18.00,Per month,"3,001-7,000 sq.ft.. Normal risk. Standard report + sighting log; traps within normal consumption",Corporate Monthly,20,2610.00,17110.00
corporate_monthly,Integrated IPM,12 Visits/Month,Retail Outlet - Large,20500.00,18050.00,18.00,Per month,"3,001-7,000 sq.ft.. Normal risk. Standard report + sighting log; traps within normal consumption",Corporate Monthly,21,3690.00,24190.00
corporate_monthly,Integrated IPM,4 Visits/Month,Food Outlet / Dark Store - Small,3500.00,3100.00,18.00,Per month,"Up to 1,000 sq.ft.. Higher risk / food. Standard report + sighting log; traps within normal consumption",Corporate Monthly,22,630.00,4130.00
corporate_monthly,Integrated IPM,8 Visits/Month,Food Outlet / Dark Store - Small,6000.00,5300.00,18.00,Per month,"Up to 1,000 sq.ft.. Higher risk / food. Standard report + sighting log; traps within normal consumption",Corporate Monthly,23,1080.00,7080.00
corporate_monthly,Integrated IPM,12 Visits/Month,Food Outlet / Dark Store - Small,8500.00,7500.00,18.00,Per month,"Up to 1,000 sq.ft.. Higher risk / food. Standard report + sighting log; traps within normal consumption",Corporate Monthly,24,1530.00,10030.00
corporate_monthly,Integrated IPM,4 Visits/Month,Food Outlet / Dark Store - Medium,6000.00,5300.00,18.00,Per month,"1,001-3,000 sq.ft.. Higher risk / food. Standard report + sighting log; traps within normal consumption",Corporate Monthly,25,1080.00,7080.00
corporate_monthly,Integrated IPM,8 Visits/Month,Food Outlet / Dark Store - Medium,10500.00,9250.00,18.00,Per month,"1,001-3,000 sq.ft.. Higher risk / food. Standard report + sighting log; traps within normal consumption",Corporate Monthly,26,1890.00,12390.00
corporate_monthly,Integrated IPM,12 Visits/Month,Food Outlet / Dark Store - Medium,14500.00,12750.00,18.00,Per month,"1,001-3,000 sq.ft.. Higher risk / food. Standard report + sighting log; traps within normal consumption",Corporate Monthly,27,2610.00,17110.00
corporate_monthly,Integrated IPM,4 Visits/Month,Food Outlet / Dark Store - Large,10000.00,8800.00,18.00,Per month,"3,001-7,000 sq.ft.. Higher risk / food. Standard report + sighting log; traps within normal consumption",Corporate Monthly,28,1800.00,11800.00
corporate_monthly,Integrated IPM,8 Visits/Month,Food Outlet / Dark Store - Large,17500.00,15400.00,18.00,Per month,"3,001-7,000 sq.ft.. Higher risk / food. Standard report + sighting log; traps within normal consumption",Corporate Monthly,29,3150.00,20650.00
corporate_monthly,Integrated IPM,12 Visits/Month,Food Outlet / Dark Store - Large,24000.00,21100.00,18.00,Per month,"3,001-7,000 sq.ft.. Higher risk / food. Standard report + sighting log; traps within normal consumption",Corporate Monthly,30,4320.00,28320.00
corporate_monthly,Integrated IPM,4 Visits/Month,Warehouse / Fulfilment Centre - Small,5000.00,4400.00,18.00,Per month,"Up to 5,000 sq.ft.. Higher risk / storage. Standard report + sighting log; traps within normal consumption",Corporate Monthly,31,900.00,5900.00
corporate_monthly,Integrated IPM,8 Visits/Month,Warehouse / Fulfilment Centre - Small,8500.00,7500.00,18.00,Per month,"Up to 5,000 sq.ft.. Higher risk / storage. Standard report + sighting log; traps within normal consumption",Corporate Monthly,32,1530.00,10030.00
corporate_monthly,Integrated IPM,12 Visits/Month,Warehouse / Fulfilment Centre - Small,12000.00,10550.00,18.00,Per month,"Up to 5,000 sq.ft.. Higher risk / storage. Standard report + sighting log; traps within normal consumption",Corporate Monthly,33,2160.00,14160.00
corporate_monthly,Integrated IPM,4 Visits/Month,Warehouse / Fulfilment Centre - Medium,9000.00,7900.00,18.00,Per month,"5,001-15,000 sq.ft.. Higher risk / storage. Standard report + sighting log; traps within normal consumption",Corporate Monthly,34,1620.00,10620.00
corporate_monthly,Integrated IPM,8 Visits/Month,Warehouse / Fulfilment Centre - Medium,15000.00,13200.00,18.00,Per month,"5,001-15,000 sq.ft.. Higher risk / storage. Standard report + sighting log; traps within normal consumption",Corporate Monthly,35,2700.00,17700.00
corporate_monthly,Integrated IPM,12 Visits/Month,Warehouse / Fulfilment Centre - Medium,21000.00,18500.00,18.00,Per month,"5,001-15,000 sq.ft.. Higher risk / storage. Standard report + sighting log; traps within normal consumption",Corporate Monthly,36,3780.00,24780.00
corporate_monthly,Integrated IPM,4 Visits/Month,Warehouse / Fulfilment Centre - Large,15000.00,13200.00,18.00,Per month,"15,001-30,000 sq.ft.. Higher risk / storage. Standard report + sighting log; traps within normal consumption",Corporate Monthly,37,2700.00,17700.00
corporate_monthly,Integrated IPM,8 Visits/Month,Warehouse / Fulfilment Centre - Large,25000.00,22000.00,18.00,Per month,"15,001-30,000 sq.ft.. Higher risk / storage. Standard report + sighting log; traps within normal consumption",Corporate Monthly,38,4500.00,29500.00
corporate_monthly,Integrated IPM,12 Visits/Month,Warehouse / Fulfilment Centre - Large,35000.00,30800.00,18.00,Per month,"15,001-30,000 sq.ft.. Higher risk / storage. Standard report + sighting log; traps within normal consumption",Corporate Monthly,39,6300.00,41300.00
corporate_monthly,Integrated IPM,4 Visits/Month,Factory / Food Processing - Small,6500.00,5700.00,18.00,Per month,"Up to 5,000 sq.ft.. Audit-sensitive. Standard report + sighting log; traps within normal consumption",Corporate Monthly,40,1170.00,7670.00
corporate_monthly,Integrated IPM,8 Visits/Month,Factory / Food Processing - Small,11000.00,9700.00,18.00,Per month,"Up to 5,000 sq.ft.. Audit-sensitive. Standard report + sighting log; traps within normal consumption",Corporate Monthly,41,1980.00,12980.00
corporate_monthly,Integrated IPM,12 Visits/Month,Factory / Food Processing - Small,15500.00,13650.00,18.00,Per month,"Up to 5,000 sq.ft.. Audit-sensitive. Standard report + sighting log; traps within normal consumption",Corporate Monthly,42,2790.00,18290.00
corporate_monthly,Integrated IPM,4 Visits/Month,Factory / Food Processing - Medium,11000.00,9700.00,18.00,Per month,"5,001-15,000 sq.ft.. Audit-sensitive. Standard report + sighting log; traps within normal consumption",Corporate Monthly,43,1980.00,12980.00
corporate_monthly,Integrated IPM,8 Visits/Month,Factory / Food Processing - Medium,19000.00,16700.00,18.00,Per month,"5,001-15,000 sq.ft.. Audit-sensitive. Standard report + sighting log; traps within normal consumption",Corporate Monthly,44,3420.00,22420.00
corporate_monthly,Integrated IPM,12 Visits/Month,Factory / Food Processing - Medium,27000.00,23750.00,18.00,Per month,"5,001-15,000 sq.ft.. Audit-sensitive. Standard report + sighting log; traps within normal consumption",Corporate Monthly,45,4860.00,31860.00
corporate_monthly,Integrated IPM,4 Visits/Month,Factory / Food Processing - Large,18500.00,16300.00,18.00,Per month,"15,001-30,000 sq.ft.. Audit-sensitive. Standard report + sighting log; traps within normal consumption",Corporate Monthly,46,3330.00,21830.00
corporate_monthly,Integrated IPM,8 Visits/Month,Factory / Food Processing - Large,31000.00,27300.00,18.00,Per month,"15,001-30,000 sq.ft.. Audit-sensitive. Standard report + sighting log; traps within normal consumption",Corporate Monthly,47,5580.00,36580.00
corporate_monthly,Integrated IPM,12 Visits/Month,Factory / Food Processing - Large,44000.00,38700.00,18.00,Per month,"15,001-30,000 sq.ft.. Audit-sensitive. Standard report + sighting log; traps within normal consumption",Corporate Monthly,48,7920.00,51920.00
multi_site,Integrated IPM,4 Visits/Month,Corporate Branch / Bank - 1-10 Outlets,2800.00,2450.00,18.00,Per outlet/month,Per outlet/month; central billing; standard reports; normal consumption,Multi-Site Chains,4,504.00,3304.00
multi_site,Integrated IPM,4 Visits/Month,Corporate Branch / Bank - 11-25 Outlets,2450.00,2150.00,18.00,Per outlet/month,Per outlet/month; central billing; standard reports; normal consumption,Multi-Site Chains,5,441.00,2891.00
multi_site,Integrated IPM,4 Visits/Month,Corporate Branch / Bank - 26-50 Outlets,2150.00,1900.00,18.00,Per outlet/month,Per outlet/month; central billing; standard reports; normal consumption,Multi-Site Chains,6,387.00,2537.00
multi_site,Integrated IPM,4 Visits/Month,Retail Outlet - 1-10 Outlets,3100.00,2750.00,18.00,Per outlet/month,Per outlet/month; central billing; standard reports; normal consumption,Multi-Site Chains,7,558.00,3658.00
multi_site,Integrated IPM,4 Visits/Month,Retail Outlet - 11-25 Outlets,2750.00,2400.00,18.00,Per outlet/month,Per outlet/month; central billing; standard reports; normal consumption,Multi-Site Chains,8,495.00,3245.00
multi_site,Integrated IPM,4 Visits/Month,Retail Outlet - 26-50 Outlets,2400.00,2100.00,18.00,Per outlet/month,Per outlet/month; central billing; standard reports; normal consumption,Multi-Site Chains,9,432.00,2832.00
multi_site,Integrated IPM,4 Visits/Month,Restaurant / Food Outlet - 1-10 Outlets,3800.00,3350.00,18.00,Per outlet/month,Per outlet/month; central billing; standard reports; normal consumption,Multi-Site Chains,10,684.00,4484.00
multi_site,Integrated IPM,4 Visits/Month,Restaurant / Food Outlet - 11-25 Outlets,3350.00,2950.00,18.00,Per outlet/month,Per outlet/month; central billing; standard reports; normal consumption,Multi-Site Chains,11,603.00,3953.00
multi_site,Integrated IPM,4 Visits/Month,Restaurant / Food Outlet - 26-50 Outlets,2950.00,2600.00,18.00,Per outlet/month,Per outlet/month; central billing; standard reports; normal consumption,Multi-Site Chains,12,531.00,3481.00
multi_site,Integrated IPM,4 Visits/Month,Quick-Commerce / Dark Store - 1-10 Outlets,4000.00,3500.00,18.00,Per outlet/month,Per outlet/month; central billing; standard reports; normal consumption,Multi-Site Chains,13,720.00,4720.00
multi_site,Integrated IPM,4 Visits/Month,Quick-Commerce / Dark Store - 11-25 Outlets,3500.00,3100.00,18.00,Per outlet/month,Per outlet/month; central billing; standard reports; normal consumption,Multi-Site Chains,14,630.00,4130.00
multi_site,Integrated IPM,4 Visits/Month,Quick-Commerce / Dark Store - 26-50 Outlets,3100.00,2750.00,18.00,Per outlet/month,Per outlet/month; central billing; standard reports; normal consumption,Multi-Site Chains,15,558.00,3658.00
multi_site,Integrated IPM,8 Visits/Month,Quick-Commerce / Dark Store - 1-10 Outlets,6500.00,5700.00,18.00,Per outlet/month,Per outlet/month; central billing; standard reports; normal consumption,Multi-Site Chains,16,1170.00,7670.00
multi_site,Integrated IPM,8 Visits/Month,Quick-Commerce / Dark Store - 11-25 Outlets,5750.00,5050.00,18.00,Per outlet/month,Per outlet/month; central billing; standard reports; normal consumption,Multi-Site Chains,17,1035.00,6785.00
multi_site,Integrated IPM,8 Visits/Month,Quick-Commerce / Dark Store - 26-50 Outlets,5100.00,4500.00,18.00,Per outlet/month,Per outlet/month; central billing; standard reports; normal consumption,Multi-Site Chains,18,918.00,6018.00
addon,Extra planned visit,Add-On,Per visit,1200.00,,18.00,Per visit,Beyond contracted frequency,Add-ons,4,216.00,1416.00
addon,Emergency visit within 4 hours,Add-On,Per visit,2500.00,,18.00,Per visit,Subject to availability,Add-ons,5,450.00,2950.00
addon,Night service surcharge (11 PM-6 AM),Add-On,Per visit,1000.00,,18.00,Per visit,Add to normal visit charge,Add-ons,6,180.00,1180.00
addon,Tamper-resistant bait station,Add-On,Per unit,650.00,,18.00,Per unit,New/replacement equipment,Add-ons,7,117.00,767.00
addon,Glue board / monitoring trap,Add-On,Per unit,120.00,,18.00,Per unit,Above package consumption,Add-ons,8,22.00,142.00
addon,Rodent cage,Add-On,Per unit,900.00,,18.00,Per unit,Returnable if specified,Add-ons,9,162.00,1062.00
addon,Fly catcher servicing,Add-On,Per unit/month,750.00,,18.00,Per unit/month,Machine/tube replacement extra,Add-ons,10,135.00,885.00
addon,Detailed audit report,Add-On,Per report,2500.00,,18.00,Per report,Standard service report remains included,Add-ons,11,450.00,2950.00
addon,Additional supervisor audit,Add-On,Per visit,2000.00,,18.00,Per visit,Written observations included,Add-ons,12,360.00,2360.00
addon,Structural pest proofing,Add-On,Per running ft.,350.00,,18.00,Per running ft.,Material-dependent final quotation,Add-ons,13,63.00,413.00
addon,Mosquito larvicide treatment,Add-On,"Per 1,000 sq.ft.",1200.00,,18.00,"Per 1,000 sq.ft.",Water bodies/drains after inspection,Add-ons,14,216.00,1416.00
addon,Disinfection / sanitization,Add-On,"Per 1,000 sq.ft.",1500.00,,18.00,"Per 1,000 sq.ft.",Chemical and access dependent,Add-ons,15,270.00,1770.00
